{"val/opt_loss": 0.5188984870910645, "_timestamp": 1728157964.957584, "_runtime": 8.498893976211548, "_step": 8, "token_embeddings/token_embeddings-iter1": {"_type": "image-file", "sha256": "3d722cdce51da74df311881740eaea48e4d1e568d2bb9c4f977d1612ea73add4", "size": 10289, "path": "media/images/token_embeddings/token_embeddings-iter1_1_3d722cdce51da74df311.png", "format": "png", "width": 640, "height": 480}, "positional_embeddings/pos_emb-iter1": {"_type": "image-file", "sha256": "da62fb5200e60960a5be52aff07d2ee5ba1e35db030eb69bdc79bf458743ba96", "size": 14420, "path": "media/images/positional_embeddings/pos_emb-iter1_2_da62fb5200e60960a5be.png", "format": "png", "width": 640, "height": 480}, "positional_embeddings/positional_embeddings-iter1": {"_type": "image-file", "sha256": "d42dfc49ee4619a789c872b8ebd411f81884da2564d6f6a30b176a47c09c894a", "size": 19029, "path": "media/images/positional_embeddings/positional_embeddings-iter1_3_d42dfc49ee4619a789c8.png", "format": "png", "width": 640, "height": 480}, "q-id0-energy1": 0.3639536201953888, "q-id0-energy2": 0.5687375664710999, "q-id0-energy3": 0.728857696056366, "q-id0-energy4": 0.8795695304870605, "q-id0-energy5": 0.9553242325782776, "k-id0-energy1": 0.34628498554229736, "k-id0-energy2": 0.6362518072128296, "k-id0-energy3": 0.7767127752304077, "k-id0-energy4": 0.8779263496398926, "k-id0-energy5": 0.9510923027992249, "v-id0-energy1": 0.40734806656837463, "v-id0-energy2": 0.6696993112564087, "v-id0-energy3": 0.8466501235961914, "v-id0-energy4": 0.9447246193885803, "v-id0-energy5": 0.987821638584137, "proj-id0-energy1": 0.4286175072193146, "proj-id0-energy2": 0.6765278577804565, "proj-id0-energy3": 0.8107977509498596, "proj-id0-energy4": 0.9040507674217224, "proj-id0-energy5": 0.9623463749885559, "proj-id0-bias": [0.0, 0.0, 0.0, 0.0, 0.0, 0.0, 0.0, 0.0], "_wandb": {"runtime": 7}}