{
    "0 -> 0": 0.01400175504386425,
    "0 -> 1": 0.014001754112541676,
    "1 -> 0": 0.013353227637708187,
    "1 -> 1": 0.013353229500353336
}