{
    "0 -> 0": 0.009094820357859135,
    "0 -> 1": 0.009094818495213985,
    "1 -> 0": 0.01421935111284256,
    "1 -> 1": 0.014219350181519985
}