{"q-id0-iter1-energy1": 0.3643174171447754, "q-id0-iter1-energy2": 0.6295486092567444, "q-id0-iter1-energy3": 0.8337183594703674, "q-id0-iter1-energy4": 0.9159883856773376, "q-id0-iter1-energy5": 0.9680061936378479, "_timestamp": 1724801894.4098759, "_runtime": 5.451995849609375, "_step": 1, "q-id0-iter1-sv": {"_type": "histogram", "values": [1, 0, 0, 1, 0, 0, 0, 0, 0, 0, 0, 0, 1, 0, 0, 0, 0, 0, 0, 0, 1, 0, 0, 0, 0, 0, 0, 1, 0, 0, 0, 0, 0, 0, 0, 0, 0, 0, 0, 0, 0, 0, 0, 0, 0, 0, 1, 0, 0, 0, 0, 0, 0, 1, 0, 0, 0, 0, 0, 0, 0, 0, 0, 1], "bins": [0.00794569868594408, 0.009424337185919285, 0.01090297568589449, 0.01238161325454712, 0.013860251754522324, 0.015338890254497528, 0.016817528754472733, 0.018296167254447937, 0.01977480575442314, 0.021253444254398346, 0.0227320808917284, 0.024210719391703606, 0.02568935789167881, 0.027167996391654015, 0.02864663489162922, 0.030125273391604424, 0.03160391002893448, 0.03308254852890968, 0.03456118702888489, 0.03603982552886009, 0.0375184640288353, 0.0389971025288105, 0.040475741028785706, 0.04195437952876091, 0.043433018028736115, 0.04491165652871132, 0.04639029502868652, 0.04786893352866173, 0.04934757202863693, 0.05082621052861214, 0.05230484902858734, 0.053783487528562546, 0.05526212602853775, 0.056740764528512955, 0.05821940302848816, 0.059698037803173065, 0.06117667630314827, 0.06265531480312347, 0.06413395702838898, 0.06561259180307388, 0.06709123402833939, 0.06856986880302429, 0.0700485110282898, 0.0715271458029747, 0.0730057880282402, 0.07448442280292511, 0.07596305757761002, 0.07744169980287552, 0.07892033457756042, 0.08039897680282593, 0.08187761157751083, 0.08335625380277634, 0.08483488857746124, 0.08631353080272675, 0.08779216557741165, 0.08927080780267715, 0.09074944257736206, 0.09222808480262756, 0.09370671957731247, 0.09518536180257797, 0.09666399657726288, 0.09814263880252838, 0.09962127357721329, 0.10109991580247879, 0.1025785505771637]}, "_wandb": {"runtime": 4}}