{"q-id0-energy1": 0.3597559630870819, "q-id0-energy2": 0.63055819272995, "q-id0-energy3": 0.8326870799064636, "q-id0-energy4": 0.9476177096366882, "q-id0-energy5": 0.9767375588417053, "_timestamp": 1724802985.3606405, "_runtime": 12.029273509979248, "_step": 13, "q-id0-sv": {"_type": "histogram", "values": [1, 0, 0, 1, 0, 0, 0, 0, 0, 0, 0, 0, 0, 0, 0, 1, 0, 1, 0, 0, 0, 0, 0, 0, 0, 0, 0, 0, 0, 0, 0, 0, 0, 0, 0, 1, 0, 0, 0, 0, 0, 0, 0, 0, 0, 0, 0, 1, 0, 0, 0, 0, 0, 0, 0, 1, 0, 0, 0, 0, 0, 0, 0, 1], "bins": [0.0008292634156532586, 0.0025743399746716022, 0.004319416359066963, 0.006064492743462324, 0.007809569593518972, 0.009554645977914333, 0.011299722827970982, 0.013044798746705055, 0.014789875596761703, 0.016534952446818352, 0.018280029296875, 0.0200251042842865, 0.021770181134343147, 0.023515257984399796, 0.025260334834456444, 0.027005411684513092, 0.02875048853456974, 0.03049556352198124, 0.03224064037203789, 0.033985719084739685, 0.035730794072151184, 0.03747586905956268, 0.03922094777226448, 0.04096602275967598, 0.04271110147237778, 0.044456176459789276, 0.046201251447200775, 0.04794633015990257, 0.04969140514731407, 0.05143648386001587, 0.05318155884742737, 0.05492663383483887, 0.056671712547540665, 0.058416787534952164, 0.06016186624765396, 0.06190694123506546, 0.06365201622247696, 0.06539709120988846, 0.06714217364788055, 0.06888724863529205, 0.07063232362270355, 0.07237739861011505, 0.07412247359752655, 0.07586755603551865, 0.07761263102293015, 0.07935770601034164, 0.08110278099775314, 0.08284786343574524, 0.08459293842315674, 0.08633801341056824, 0.08808308839797974, 0.08982816338539124, 0.09157324582338333, 0.09331832081079483, 0.09506339579820633, 0.09680847078561783, 0.09855354577302933, 0.10029862821102142, 0.10204370319843292, 0.10378877818584442, 0.10553385317325592, 0.10727892816066742, 0.10902401059865952, 0.11076908558607101, 0.11251416057348251]}, "q-id0-iter1-weight": {"_type": "image-file", "sha256": "3fd6302641f55f824de3db72bf40d2227eacbe312e66be56c945281f281e7bd0", "size": 140, "path": "media/images/q-id0-iter1-weight_2_3fd6302641f55f824de3.png", "format": "png", "width": 8, "height": 8}, "k-id0-energy1": 0.3765418529510498, "k-id0-energy2": 0.6443173289299011, "k-id0-energy3": 0.8025801181793213, "k-id0-energy4": 0.8952011466026306, "k-id0-energy5": 0.9468910098075867, "k-id0-sv": {"_type": "histogram", "values": [1, 0, 0, 0, 0, 0, 0, 0, 0, 1, 0, 0, 0, 0, 0, 0, 0, 0, 0, 1, 0, 0, 1, 0, 0, 0, 0, 0, 0, 0, 1, 0, 0, 0, 0, 0, 0, 0, 0, 0, 1, 0, 0, 0, 0, 0, 0, 0, 0, 0, 0, 0, 0, 1, 0, 0, 0, 0, 0, 0, 0, 0, 0, 1], "bins": [0.003856851253658533, 0.0052859848365187645, 0.006715118419378996, 0.008144252002239227, 0.009573385119438171, 0.011002518236637115, 0.012431652285158634, 0.013860785402357578, 0.015289919450879097, 0.01671905256807804, 0.018148185685276985, 0.01957731880247593, 0.021006453782320023, 0.022435586899518967, 0.02386472001671791, 0.025293853133916855, 0.0267229862511158, 0.028152121230959892, 0.029581254348158836, 0.03101038746535778, 0.032439522445201874, 0.03386865556240082, 0.03529778867959976, 0.036726921796798706, 0.03815605491399765, 0.039585188031196594, 0.04101432114839554, 0.04244345426559448, 0.043872587382793427, 0.04530172422528267, 0.04673085734248161, 0.04815999045968056, 0.0495891235768795, 0.051018256694078445, 0.05244738981127739, 0.053876522928476334, 0.05530565604567528, 0.05673478916287422, 0.058163922280073166, 0.05959305912256241, 0.06102219223976135, 0.0624513253569603, 0.06388045847415924, 0.06530959159135818, 0.06673872470855713, 0.06816785782575607, 0.06959699094295502, 0.07102612406015396, 0.0724552571773529, 0.07388439029455185, 0.0753135234117508, 0.07674265652894974, 0.07817178964614868, 0.07960092276334763, 0.08103006333112717, 0.08245919644832611, 0.08388832956552505, 0.085317462682724, 0.08674659579992294, 0.08817572891712189, 0.08960486203432083, 0.09103399515151978, 0.09246312826871872, 0.09389226138591766, 0.09532139450311661]}, "k-id0-iter1-weight": {"_type": "image-file", "sha256": "6470fc949d87ffeef84825602ea62ef08a5af8fd525b0ae4ca7bb5294ebe0330", "size": 140, "path": "media/images/k-id0-iter1-weight_5_6470fc949d87ffeef848.png", "format": "png", "width": 8, "height": 8}, "v-id0-energy1": 0.3531818389892578, "v-id0-energy2": 0.6132293939590454, "v-id0-energy3": 0.7682564854621887, "v-id0-energy4": 0.8646627068519592, "v-id0-energy5": 0.9527904391288757, "v-id0-sv": {"_type": "histogram", "values": [1, 0, 0, 0, 1, 0, 0, 0, 0, 0, 0, 0, 0, 0, 0, 0, 0, 0, 0, 0, 0, 1, 0, 0, 0, 0, 0, 0, 0, 0, 0, 1, 1, 0, 0, 0, 0, 0, 0, 0, 0, 0, 1, 0, 0, 0, 0, 0, 0, 0, 0, 0, 0, 0, 1, 0, 0, 0, 0, 0, 0, 0, 0, 1], "bins": [0.0016540755750611424, 0.003109500976279378, 0.004564926493912935, 0.006020351778715849, 0.007475777063518763, 0.008931202813982964, 0.010386628098785877, 0.011842053383588791, 0.013297478668391705, 0.014752903953194618, 0.016208330169320107, 0.017663754522800446, 0.019119180738925934, 0.020574605092406273, 0.02203003130853176, 0.0234854556620121, 0.02494088187813759, 0.026396306231617928, 0.027851732447743416, 0.029307156801223755, 0.030762583017349243, 0.03221800923347473, 0.03367343544960022, 0.03512885794043541, 0.0365842841565609, 0.038039710372686386, 0.039495136588811874, 0.040950559079647064, 0.04240598529577255, 0.04386141151189804, 0.04531683772802353, 0.04677226021885872, 0.04822768643498421, 0.049683112651109695, 0.051138538867235184, 0.05259396508336067, 0.05404938757419586, 0.05550481379032135, 0.05696024000644684, 0.05841566622257233, 0.059871088713407516, 0.061326514929533005, 0.0627819374203682, 0.06423736363649368, 0.06569278985261917, 0.06714821606874466, 0.06860364228487015, 0.07005906850099564, 0.07151449471712112, 0.07296992093324661, 0.0744253471493721, 0.07588076591491699, 0.07733619213104248, 0.07879161834716797, 0.08024704456329346, 0.08170247077941895, 0.08315789699554443, 0.08461332321166992, 0.08606874942779541, 0.0875241756439209, 0.08897959440946579, 0.09043502062559128, 0.09189044684171677, 0.09334587305784225, 0.09480129927396774]}, "v-id0-iter1-weight": {"_type": "image-file", "sha256": "ea65c7be0359e2c751f392bc21ace3d70ee3fde90ebb8947f6cd19307b513116", "size": 140, "path": "media/images/v-id0-iter1-weight_8_ea65c7be0359e2c751f3.png", "format": "png", "width": 8, "height": 8}, "proj-id0-energy1": 0.32215416431427, "proj-id0-energy2": 0.5796788930892944, "proj-id0-energy3": 0.7671126127243042, "proj-id0-energy4": 0.8669107556343079, "proj-id0-energy5": 0.9554921984672546, "proj-id0-sv": {"_type": "histogram", "values": [1, 0, 0, 0, 0, 1, 0, 0, 0, 0, 0, 0, 0, 0, 0, 0, 0, 0, 0, 0, 1, 0, 0, 0, 0, 0, 0, 0, 0, 0, 0, 0, 1, 0, 1, 0, 0, 0, 0, 0, 0, 0, 0, 0, 0, 0, 0, 0, 1, 0, 0, 0, 0, 0, 0, 0, 1, 0, 0, 0, 0, 0, 0, 1],