{
    "0 -> 0": 0.5380252003669739,
    "0 -> 1": 0.4619748294353485,
    "1 -> 0": 0.46290844678878784,
    "1 -> 1": 0.5370915532112122
}