{
    "0 -> 0": 0.5442109107971191,
    "0 -> 1": 0.45578911900520325,
    "1 -> 0": 0.4624745547771454,
    "1 -> 1": 0.537525475025177
}