{"q-id0-energy1": 0.32674089074134827, "q-id0-energy2": 0.6292860507965088, "q-id0-energy3": 0.8556639552116394, "q-id0-energy4": 0.9338127970695496, "q-id0-energy5": 0.9675823450088501, "_timestamp": 1724802799.7275417, "_runtime": 5.822085618972778, "_step": 8, "q-id0-sv": {"_type": "histogram", "values": [1, 0, 0, 0, 0, 0, 0, 1, 0, 0, 0, 0, 1, 0, 0, 0, 0, 1, 0, 0, 0, 0, 0, 0, 0, 0, 0, 0, 1, 0, 0, 0, 0, 0, 0, 0, 0, 0, 0, 0, 0, 0, 0, 0, 0, 0, 0, 0, 0, 0, 0, 0, 1, 0, 0, 0, 0, 0, 0, 0, 0, 1, 0, 1], "bins": [0.0069590602070093155, 0.008396625518798828, 0.00983419083058834, 0.011271757073700428, 0.01270932238548994, 0.014146887697279453, 0.015584453009068966, 0.017022019252181053, 0.018459584563970566, 0.01989714987576008, 0.02133471518754959, 0.022772280499339104, 0.024209845811128616, 0.02564741112291813, 0.02708497829735279, 0.028522543609142303, 0.029960108920931816, 0.03139767423272133, 0.03283523768186569, 0.034272804856300354, 0.035710372030735016, 0.03714793547987938, 0.03858550265431404, 0.040023066103458405, 0.041460633277893066, 0.04289819672703743, 0.04433576390147209, 0.045773327350616455, 0.04721089452505112, 0.04864846169948578, 0.05008602514863014, 0.051523592323064804, 0.05296115577220917, 0.05439872294664383, 0.05583628639578819, 0.057273853570222855, 0.05871141701936722, 0.06014898419380188, 0.06158655136823654, 0.0630241185426712, 0.06446167826652527, 0.06589924544095993, 0.06733681261539459, 0.06877437978982925, 0.07021193951368332, 0.07164950668811798, 0.07308707386255264, 0.0745246410369873, 0.07596220821142197, 0.07739976793527603, 0.0788373351097107, 0.08027490228414536, 0.08171246945858002, 0.08315002918243408, 0.08458759635686874, 0.0860251635313034, 0.08746273070573807, 0.08890029788017273, 0.0903378576040268, 0.09177542477846146, 0.09321299195289612, 0.09465055912733078, 0.09608811885118484, 0.0975256860256195, 0.09896325320005417]}, "q-id0-iter1-weight": {"_type": "image-file", "sha256": "b96b1fa586815baec7a52e60e41b64a851e3139a6f2b31f73d0807c7ba6b3a19", "size": 140, "path": "media/images/q-id0-iter1-weight_2_b96b1fa586815baec7a5.png", "format": "png", "width": 8, "height": 8}, "k-id0-energy1": 0.39679399132728577, "k-id0-energy2": 0.6433433294296265, "k-id0-energy3": 0.7937220335006714, "k-id0-energy4": 0.9137563109397888, "k-id0-energy5": 0.9710697531700134, "k-id0-sv": {"_type": "histogram", "values": [1, 0, 1, 0, 0, 0, 0, 0, 0, 0, 0, 0, 0, 0, 1, 0, 0, 0, 0, 0, 0, 0, 1, 0, 0, 0, 0, 0, 0, 0, 0, 0, 0, 0, 1, 0, 0, 0, 1, 0, 0, 0, 0, 0, 0, 0, 0, 0, 0, 1, 0, 0, 0, 0, 0, 0, 0, 0, 0, 0, 0, 0, 0, 1], "bins": [0.0038493629544973373, 0.005431697238236666, 0.007014031521975994, 0.008596365340054035, 0.010178700089454651, 0.011761033907532692, 0.013343367725610733, 0.014925702475011349, 0.016508037224411964, 0.018090371042490005, 0.019672704860568047, 0.021255038678646088, 0.02283737249672413, 0.02441970817744732, 0.02600204199552536, 0.0275843758136034, 0.029166709631681442, 0.030749043449759483, 0.032331377267837524, 0.033913712948560715, 0.035496048629283905, 0.0370783805847168, 0.03866071626543999, 0.04024304822087288, 0.04182538390159607, 0.04340771958231926, 0.04499005153775215, 0.04657238721847534, 0.048154719173908234, 0.049737054854631424, 0.051319390535354614, 0.052901722490787506, 0.054484058171510696, 0.05606639012694359, 0.05764872580766678, 0.05923106148838997, 0.06081339344382286, 0.06239572912454605, 0.06397806107997894, 0.06556039303541183, 0.06714273244142532, 0.06872506439685822, 0.07030739635229111, 0.0718897357583046, 0.07347206771373749, 0.07505439966917038, 0.07663673907518387, 0.07821907103061676, 0.07980140298604965, 0.08138373494148254, 0.08296607434749603, 0.08454840630292892, 0.08613073825836182, 0.0877130776643753, 0.0892954096198082, 0.09087774157524109, 0.09246008098125458, 0.09404241293668747, 0.09562474489212036, 0.09720707684755325, 0.09878941625356674, 0.10037174820899963, 0.10195408016443253, 0.10353641957044601, 0.1051187515258789]}, "k-id0-iter1-weight": {"_type": "image-file", "sha256": "ed59750e4cbc5a7858fd711008831166741fc68a07229b371181bf3e11accf9c", "size": 140, "path": "media/images/k-id0-iter1-weight_5_ed59750e4cbc5a7858fd.png", "format": "png", "width": 8, "height": 8}, "v-id0-energy1": 0.45183613896369934, "v-id0-energy2": 0.6451123356819153, "v-id0-energy3": 0.8061009645462036, "v-id0-energy4": 0.9256165027618408, "v-id0-energy5": 0.9612675309181213, "v-id0-sv": {"_type": "histogram", "values": [1, 0, 0, 0, 0, 0, 1, 0, 0, 0, 0, 0, 0, 0, 1, 0, 1, 0, 0, 0, 0, 0, 0, 0, 0, 0, 0, 0, 0, 0, 0, 1, 0, 0, 0, 0, 0, 1, 0, 0, 0, 1, 0, 0, 0, 0, 0, 0, 0, 0, 0, 0, 0, 0, 0, 0, 0, 0, 0, 0, 0, 0, 0, 1], "bins": [0.004559749271720648, 0.006433220114558935, 0.00830669142305851, 0.010180162265896797, 0.012053633108735085, 0.013927104882895947, 0.01580057479441166, 0.017674047499895096, 0.019547518342733383, 0.02142098918557167, 0.023294460028409958, 0.025167930871248245, 0.027041401714086533, 0.02891487255692482, 0.030788343399763107, 0.032661814242601395, 0.03453528508543968, 0.03640875592827797, 0.03828222677111626, 0.040155697613954544, 0.04202917218208313, 0.04390264302492142, 0.045776113867759705, 0.04764958471059799, 0.04952305555343628, 0.05139652639627457, 0.053269997239112854, 0.05514346808195114, 0.05701693892478943, 0.058890409767627716, 0.060763880610466, 0.06263735145330429, 0.06451082229614258, 0.06638429313898087, 0.06825776398181915, 0.07013123482465744, 0.07200470566749573, 0.07387817651033401, 0.0757516473531723, 0.07762511819601059, 0.07949858903884888, 0.08137205988168716, 0.08324553072452545, 0.08511900156736374, 0.08699247241020203, 0.08886594325304031, 0.0907394140958786, 0.09261289238929749, 0.09448636323213577, 0.09635983407497406, 0.09823330491781235, 0.10010677576065063, 0.10198024660348892, 0.10385371744632721, 0.1057271882891655, 0.10760065913200378, 0.10947412997484207, 0.11134760081768036, 0.11322107166051865, 0.11509454250335693, 0.11696801334619522, 0.11884148418903351, 0.1207149550318718, 0.12258842587471008, 0.12446189671754837]}, "v-id0-iter1-weight": {"_type": "image-file", "sha256": "84a4c1c1fbb1445978c1050b3cc6d7fd6dc5af9f1aa007d1c286fb009c250d84", "size": 140, "path": "media/images/v-id0-iter1-weight_8_84a4c1c1fbb1445978c1.png", "format": "png", "width": 8, "height": 8}, "_wandb": {"runtime": 5}}