{
    "val_loss": 0.5037854909896851,
    "val_opt_loss": 0.5012596845626831
}