{
    "val_loss": 0.5359176397323608,
    "val_opt_loss": 0.5457056760787964
}