{
    "0 -> 0": 0.5545527338981628,
    "0 -> 1": 0.44544726610183716,
    "1 -> 0": 0.4595947861671448,
    "1 -> 1": 0.5404051542282104
}