{
    "0 -> 0": 0.5466733574867249,
    "0 -> 1": 0.45332664251327515,
    "1 -> 0": 0.4531474709510803,
    "1 -> 1": 0.5468525290489197
}