{"q-id0-iter1-energy1": 0.35255345702171326, "q-id0-iter1-energy2": 0.6272542476654053, "q-id0-iter1-energy3": 0.7970131635665894, "q-id0-iter1-energy4": 0.9286255836486816, "q-id0-iter1-energy5": 0.9761062264442444, "_timestamp": 1724801971.681603, "_runtime": 36.28614592552185, "_step": 1, "q-id0-iter1-sv": {"_type": "histogram", "values": [1, 0, 0, 1, 0, 0, 0, 0, 0, 0, 0, 0, 0, 0, 1, 0, 0, 0, 0, 0, 0, 0, 1, 0, 0, 0, 0, 0, 0, 0, 0, 0, 0, 0, 0, 0, 0, 0, 1, 0, 0, 0, 0, 1, 0, 0, 0, 0, 0, 0, 0, 0, 0, 0, 0, 0, 1, 0, 0, 0, 0, 0, 0, 1], "bins": [0.0020512333139777184, 0.0032657834235578775, 0.004480333533138037, 0.005694883409887552, 0.006909433286637068, 0.00812398362904787, 0.009338533505797386, 0.010553083382546902, 0.011767633259296417, 0.012982183136045933, 0.014196733012795448, 0.015411283820867538, 0.01662583276629448, 0.01784038357436657, 0.01905493251979351, 0.0202694833278656, 0.02148403413593769, 0.02269858308136463, 0.023913133889436722, 0.025127682834863663, 0.026342233642935753, 0.027556782588362694, 0.028771333396434784, 0.029985884204506874, 0.031200433149933815, 0.032414983958005905, 0.033629532903432846, 0.03484408184885979, 0.036058634519577026, 0.03727318346500397, 0.03848773241043091, 0.03970228508114815, 0.04091683402657509, 0.04213138297200203, 0.04334593191742897, 0.04456048458814621, 0.04577503353357315, 0.04698958247900009, 0.04820413514971733, 0.04941868409514427, 0.05063323304057121, 0.051847781985998154, 0.05306233465671539, 0.054276883602142334, 0.055491432547569275, 0.056705985218286514, 0.057920534163713455, 0.059135083109140396, 0.06034963205456734, 0.061564184725284576, 0.06277873367071152, 0.06399328261613846, 0.0652078315615654, 0.06642238050699234, 0.06763693690299988, 0.06885148584842682, 0.07006603479385376, 0.0712805837392807, 0.07249513268470764, 0.07370968163013458, 0.07492423057556152, 0.07613878697156906, 0.077353335916996, 0.07856788486242294, 0.07978243380784988]}}