{"q-id0-energy1": 0.41531693935394287, "q-id0-energy2": 0.6882211565971375, "q-id0-energy3": 0.836856484413147, "q-id0-energy4": 0.9227777719497681, "q-id0-energy5": 0.9688916802406311, "_timestamp": 1724802952.907237, "_runtime": 100.63946604728699, "_step": 80, "q-id0-sv": {"_type": "histogram", "values": [1, 0, 0, 0, 0, 0, 0, 0, 0, 0, 1, 0, 0, 1, 0, 0, 0, 0, 0, 0, 0, 1, 0, 0, 0, 0, 0, 0, 1, 0, 0, 0, 0, 0, 0, 0, 0, 0, 1, 0, 0, 0, 0, 0, 0, 0, 0, 0, 0, 0, 0, 1, 0, 0, 0, 0, 0, 0, 0, 0, 0, 0, 0, 1], "bins": [0.00039745995309203863, 0.0018981521716341376, 0.003398844273760915, 0.0048995367251336575, 0.0064002289436757565, 0.007900920696556568, 0.009401612915098667, 0.010902305133640766, 0.012402997352182865, 0.013903689570724964, 0.015404381789267063, 0.016905074939131737, 0.018405767157673836, 0.019906459376215935, 0.021407151594758034, 0.022907843813300133, 0.024408536031842232, 0.02590922825038433, 0.02740991860628128, 0.02891061082482338, 0.03041130304336548, 0.03191199526190758, 0.033412687480449677, 0.034913379698991776, 0.036414071917533875, 0.037914764136075974, 0.03941545635461807, 0.04091614857316017, 0.04241684079170227, 0.04391753301024437, 0.04541822522878647, 0.04691891744732857, 0.048419609665870667, 0.049920301884412766, 0.051420994102954865, 0.052921686321496964, 0.05442237854003906, 0.05592307075858116, 0.05742376297712326, 0.05892445519566536, 0.06042514741420746, 0.06192583963274956, 0.06342653185129166, 0.06492722779512405, 0.06642791628837585, 0.06792861223220825, 0.06942930072546005, 0.07092999666929245, 0.07243068516254425, 0.07393138110637665, 0.07543206959962845, 0.07693276554346085, 0.07843345403671265, 0.07993414998054504, 0.08143483847379684, 0.08293553441762924, 0.08443622291088104, 0.08593691885471344, 0.08743760734796524, 0.08893830329179764, 0.09043899178504944, 0.09193968772888184, 0.09344037622213364, 0.09494107216596603, 0.09644176065921783]}, "q-id0-iter1-weight": {"_type": "image-file", "sha256": "98318478a8f59f47cf8df50d9b13a67f015ed62729b57cc0cca2b6e4b7e2c722", "size": 140, "path": "media/images/q-id0-iter1-weight_2_98318478a8f59f47cf8d.png", "format": "png", "width": 8, "height": 8}, "k-id0-energy1": 0.46146488189697266, "k-id0-energy2": 0.6946613192558289, "k-id0-energy3": 0.849735677242279, "k-id0-energy4": 0.9441273212432861, "k-id0-energy5": 0.9766020774841309, "k-id0-sv": {"_type": "histogram", "values": [1, 0, 0, 1, 0, 0, 0, 0, 0, 0, 0, 1, 0, 0, 0, 1, 0, 0, 0, 0, 0, 0, 0, 0, 0, 0, 0, 1, 0, 0, 0, 0, 0, 0, 0, 0, 1, 0, 0, 0, 0, 0, 0, 0, 1, 0, 0, 0, 0, 0, 0, 0, 0, 0, 0, 0, 0, 0, 0, 0, 0, 0, 0, 1], "bins": [0.0026937604416161776, 0.004162331577390432, 0.0056309024803340435, 0.007099473383277655, 0.008568044751882553, 0.010036615654826164, 0.011505186557769775, 0.012973757460713387, 0.014442328363656998, 0.01591089926660061, 0.01737947016954422, 0.01884804107248783, 0.020316611975431442, 0.021785182878375053, 0.023253753781318665, 0.024722324684262276, 0.026190895587205887, 0.027659466490149498, 0.02912803739309311, 0.03059660829603672, 0.03206517919898033, 0.03353375196456909, 0.035002321004867554, 0.036470893770456314, 0.037939462810754776, 0.039408035576343536, 0.040876604616642, 0.04234517738223076, 0.04381374642252922, 0.04528231918811798, 0.04675088822841644, 0.0482194609940052, 0.049688030034303665, 0.051156602799892426, 0.05262517184019089, 0.05409374460577965, 0.05556231364607811, 0.05703088641166687, 0.05849945917725563, 0.05996802821755409, 0.06143660098314285, 0.06290517002344131, 0.06437373906373978, 0.06584231555461884, 0.0673108845949173, 0.06877945363521576, 0.07024802267551422, 0.07171659916639328, 0.07318516820669174, 0.0746537372469902, 0.07612230628728867, 0.07759088277816772, 0.07905945181846619, 0.08052802085876465, 0.08199658989906311, 0.08346516638994217, 0.08493373543024063, 0.08640230447053909, 0.08787087351083755, 0.08933945000171661, 0.09080801904201508, 0.09227658808231354, 0.093745157122612, 0.09521373361349106, 0.09668230265378952]}, "k-id0-iter1-weight": {"_type": "image-file", "sha256": "005b93313eb6bcca4e519c41beccf248183a472e3ca43a2fd7690958ee650168", "size": 140, "path": "media/images/k-id0-iter1-weight_5_005b93313eb6bcca4e51.png", "format": "png", "width": 8, "height": 8}, "v-id0-energy1": 0.7758691906929016, "v-id0-energy2": 0.8626829385757446, "v-id0-energy3": 0.9163413047790527, "v-id0-energy4": 0.9533807039260864, "v-id0-energy5": 0.9801032543182373, "v-id0-sv": {"_type": "histogram", "values": [1, 1, 0, 0, 0, 0, 0, 0, 1, 0, 1, 0, 1, 0, 0, 1, 0, 0, 0, 0, 1, 0, 0, 0, 0, 0, 0, 0, 0, 0, 0, 0, 0, 0, 0, 0, 0, 0, 0, 0, 0, 0, 0, 0, 0, 0, 0, 0, 0, 0, 0, 0, 0, 0, 0, 0, 0, 0, 0, 0, 0, 0, 0, 1], "bins": [0.005010959692299366, 0.008614788763225079, 0.012218617834150791, 0.01582244783639908, 0.01942627690732479, 0.023030105978250504, 0.026633935049176216, 0.03023776412010193, 0.03384159132838249, 0.037445422261953354, 0.04104924947023392, 0.04465308040380478, 0.04825690761208534, 0.051860738545656204, 0.05546456575393677, 0.05906839668750763, 0.06267222762107849, 0.06627605110406876, 0.06987988203763962, 0.07348371297121048, 0.07708754390478134, 0.0806913673877716, 0.08429519832134247, 0.08789902925491333, 0.09150286018848419, 0.09510669112205505, 0.09871051460504532, 0.10231434553861618, 0.10591817647218704, 0.1095220074057579, 0.11312583088874817, 0.11672966182231903, 0.12033349275588989, 0.12393732368946075, 0.12754115462303162, 0.13114498555660248, 0.13474880158901215, 0.138352632522583, 0.14195646345615387, 0.14556029438972473, 0.1491641253232956, 0.15276795625686646, 0.15637178719043732, 0.15997561812400818, 0.16357943415641785, 0.1671832650899887, 0.17078709602355957, 0.17439092695713043, 0.1779947578907013, 0.18159858882427216, 0.18520241975784302, 0.18880625069141388, 0.19241006672382355, 0.1960138976573944, 0.19961772859096527, 0.20322155952453613, 0.206825390458107, 0.21042922139167786, 0.21403305232524872, 0.21763688325881958, 0.22124069929122925, 0.2248445302248001, 0.22844836115837097, 0.23205219209194183, 0.2356560230255127]}, "v-id0-iter1-weight": {"_type": "image-file", "sha256": "62f4f2f15e5eeb2ce9dd5e68f709a8a2f2f8352925444d49e87379fd5f50fd41", "size": 140, "path": "media/images/v-id0-iter1-weight_8_62f4f2f15e5eeb2ce9dd.png", "format": "png", "width": 8, "height": 8}, "proj-id0-energy1": 0.8624257445335388, "proj-id0-energy2": 0.91020667552948, "proj-id0-energy3": 0.9517242908477783, "proj-id0-energy4": 0.9784342646598816, "proj-id0-energy5": 0.9897071719169617, "proj-id0-sv": {"_type": "histogram", "values": [1, 0, 0, 1, 0, 1, 1, 0, 0, 0, 1, 0, 0, 1, 1, 0, 0, 0, 0, 0, 0, 0, 0, 0, 0, 0, 0, 0, 0, 0, 0, 0, 0, 0, 0, 0, 0, 0, 0, 0, 0, 0, 0, 0, 0, 0, 0, 0, 0, 0, 0, 0, 0, 0, 0, 0, 0, 0, 0, 0, 0, 0, 0, 1],