{
    "0 -> 0": 0.527432918548584,
    "0 -> 1": 0.47256705164909363,
    "1 -> 0": 0.999096155166626,
    "1 -> 1": 0.0009038722491823137
}