{
    "0 -> 0": 0.5754995346069336,
    "0 -> 1": 0.424500435590744,
    "1 -> 0": 0.011836566030979156,
    "1 -> 1": 0.988163411617279
}